Indicator_Type,Indicator
FileHash-MD5,d7fb74d7f0c28e9190c31f6a705bb82c
FileHash-MD5,bbe9c4f1bad3f8f280e600e10f8f7ed1
FileHash-MD5,9356ed638e84ebe2d7fc068a7d4dd214
FileHash-MD5,58520acffa64744d63bf1dd5e1899f42
FileHash-MD5,5f88f136a072b188524a1af5b8ae3efd
FileHash-MD5,4f762fedc6c7b04467cb01611f078647
FileHash-MD5,2b21d4876805cbbd8a26914d2d7adfe1
FileHash-MD5,2cf7778ceac57531c7ac73f72dbbc767
FileHash-MD5,9f5b3819c4f49449425eb5b7a4fb0e51
FileHash-MD5,4cc5dd2120f557c3c7f398c8ba39574f
FileHash-MD5,993718ee3a47744f4328a07032083c9f
FileHash-MD5,6e320beba03d1e81739ae71e95a49f12
FileHash-MD5,4655828bdd0f1209d1bf2d93377aaa87
FileHash-MD5,41a7f2dac26fb4c4e682b3f0d9cc1675
FileHash-MD5,b4f6401640d6d9756c7c9a37a0e15a59
FileHash-MD5,1a00533e490a490938c37ebe3a0fc706
FileHash-MD5,d1935217fd8be6f12712f3de657cd907
FileHash-MD5,1500f118715b9f663c15d21635b4aefa
FileHash-MD5,02d605b7e07b9026104d8160602b0142
FileHash-MD5,67c8b4f7e6e79f9747e38163ad69a3fb
FileHash-MD5,2902e12f00a185471b619233ee8631f3
FileHash-MD5,1338724baec048f600ed982ad811ecf0
FileHash-MD5,64796c7c87d04821adbed23b10df1561
FileHash-MD5,93a4e2b886e2815b6b732a2380b0f068
FileHash-MD5,5be4e5115cdf225871a66899b7bc5861
FileHash-MD5,bfa5f1d8df27248d840d1d86121f2169
FileHash-MD5,457504f1c2e41f28ac0edc851d2e3918
FileHash-MD5,4d7662c0ec63b03a8990c57b7d18d7fb
FileHash-MD5,9355c2a1e2d6e03327c09b69395a553c
FileHash-MD5,cb0f5b97853a825df1f6155355eb0592
FileHash-MD5,ff5759745d09a474397464185509b24e
FileHash-MD5,9093cf77204bdd7497521d41482e30d9
FileHash-MD5,280dbf2ebd3e6cca2fee8ba76f49deae
FileHash-MD5,2aa6b9b26f390e47bde80cf9d86813df
FileHash-MD5,469bfa58767c39592c434dc119b1b831
FileHash-MD5,49572d67fabb34c932f79bd0ddf31c5d
FileHash-MD5,4ba37abc5b35cf8de66b0fceca3c11b8
FileHash-MD5,56485db4c4a1d9a7083d691c4ebcbbe8
FileHash-MD5,5827a750f445fcc1f7f2aa2a70390d9c
FileHash-MD5,58fd45896e356ae4ddf5c19acc590d3a
FileHash-MD5,6709d66da8b6fc9e5c6726a213c3963b
FileHash-MD5,6bc042742a90eb94274d678416610e9e
FileHash-MD5,804b3f7ede65c65e481fb3a434b74a33
FileHash-MD5,85569e8dcb16cb3ee9eba59368ab9c2a
FileHash-MD5,8f0944e7cf9adb99d881b61d621a374c
FileHash-MD5,b09d796ceb107bea9305b6a8508cef0e
FileHash-MD5,b83b08a1ea26021590585adee8c0ceee
FileHash-MD5,be5a3f802ad17b8cc5297f514707f891
FileHash-MD5,d2f6cb14c5e10c53be299d2e08685baa
FileHash-MD5,ef4bb4794406865401aa527b886908fa
FileHash-MD5,f9d1c0b9c7708b3e94476632a3603948
FileHash-MD5,02d605b7e07b9026104d8160602b0142
FileHash-MD5,67c8b4f7e6e79f9747e38163ad69a3fb
FileHash-MD5,2902e12f00a185471b619233ee8631f3
FileHash-MD5,1338724baec048f600ed982ad811ecf0
FileHash-MD5,64796c7c87d04821adbed23b10df1561
FileHash-MD5,93a4e2b886e2815b6b732a2380b0f068
FileHash-MD5,5be4e5115cdf225871a66899b7bc5861
FileHash-MD5,bfa5f1d8df27248d840d1d86121f2169
FileHash-MD5,02d605b7e07b9026104d8160602b0142
FileHash-MD5,67c8b4f7e6e79f9747e38163ad69a3fb
FileHash-MD5,2902e12f00a185471b619233ee8631f3
FileHash-MD5,1338724baec048f600ed982ad811ecf0
FileHash-MD5,64796c7c87d04821adbed23b10df1561
FileHash-MD5,93a4e2b886e2815b6b732a2380b0f068
FileHash-MD5,4488c709970833b5043c0b0ea2ec9fa9
FileHash-MD5,7bab405fbc6af65680443ae95c30595d
FileHash-MD5,7f5a72be826ea2fe5f11a16da0178e54
FileHash-MD5,8b666fc04af6de45c804d973583c76e0
FileHash-MD5,9083c1ff01ad8fabbcd8af1b63b77e66
FileHash-MD5,93c66ee424daf4c5590e21182592672e
FileHash-MD5,2b46959ebb92a866beda61e08796224e
FileHash-MD5,4e1201ac8cc7685d147170f9140e5ac7
FileHash-MD5,c6ca1afa0f6e7eea5fedf70d1e95c01e
FileHash-MD5,26c1c8bc65bc1734c6fbb5c70c6711e5
FileHash-MD5,514a008df632272c2e6bb3ea4e54fc83
FileHash-MD5,8318aec68f9d4c0a09e9a23c3f66bdc3
FileHash-MD5,9880fae6551d1e9ee921f39751a6f3c0
FileHash-MD5,d5ae59bb7c7765b4b7630a5f31b6af00
FileHash-MD5,862a9b06e65a2a2fc7afe3fa020680d6
FileHash-MD5,f3e3c4f046c80165630a00f51f2b4166
FileHash-MD5,40fa1480d5e4c747a060d75055fa1086
FileHash-MD5,2d877b893c73255d461786af4111171b
FileHash-MD5,4b44f911da88a6e369b3e67733bda2ac
FileHash-MD5,25463781257945639796847354495735
FileHash-MD5,58374039781142335842796732481235
FileHash-MD5,58374039781562135842796732481235
FileHash-MD5,58374039781562135842796732495735
FileHash-MD5,66547842345142139796847354495735
FileHash-MD5,14787847781643488753179665721711
FileHash-MD5,147878e477816434887a317966548391
FileHash-MD5,358196321ae64348875317a665721711
FileHash-MD5,358196321ae64348875317a665721712
FileHash-MD5,358196321ae64348875317a665721713
FileHash-MD5,358196321ae64343275317a665721711
FileHash-MD5,358196321ae64343275317a665721712
FileHash-MD5,358196321ae64343275317a665721713
FileHash-MD5,358928721ae64343275317a665721711
FileHash-MD5,358928721ae64343275317a665721712
FileHash-MD5,358928721ae64343275317a665721713
FileHash-MD5,358928721ae64374587417a665721711
FileHash-MD5,358928721ae64374587417a665721712
FileHash-MD5,358928721ae64374587417a665721713
FileHash-MD5,fac989447cad2edbc89fbcba70003b36
FileHash-MD5,358928721ae64887459817a665721711
FileHash-MD5,358928721ae64887459817a665721712
FileHash-MD5,358928721ae64887459817a665721713
FileHash-MD5,19dd1725bb1a94c4d2133e009db04d61
FileHash-MD5,3967c1801fb7ed101945365488e30011
FileHash-MD5,3e9d2a01a66b1a0acaa50cfd5c686d0e
FileHash-MD5,59ce0baba11893f90527fc951ac69912
FileHash-MD5,f7c4f012b5e535e8b7b79fee12b659da
FileHash-MD5,89eb4a35ea3122f01f47abe5e8b4982a
FileHash-MD5,ec18353f05c0ec9c014d4eb57f35dd40
FileHash-MD5,ef81f74875718d370876289088c93150
FileHash-MD5,aa6f5570b814e336cc91e57f1dbbf22c
FileHash-MD5,beaed555048e1074fc13cdf8431abd49
FileHash-MD5,33c70339d8f52745534f01aea6f13354
FileHash-MD5,fb583080339eb44b31373800b06c6107
FileHash-MD5,17d70b5ba4bbac9583c9225196f45796
FileHash-MD5,1d5c5bffddf78cf9ae5233a0bf954540
FileHash-MD5,246d6de50cbbeb6c4027c28d81726efa
FileHash-MD5,33c5b182c970da4f76bfc49082ed1ca1
FileHash-MD5,8fc545a2eb94c7192fa835e0ffa3b4c1
FileHash-MD5,980f7c2b47c89325bd631147a23c5b8f
FileHash-MD5,9cf3d4d90ae1efe75dac5a01efcd147a
FileHash-MD5,adb814f96604eb83fce0228003c5b1f1
FileHash-MD5,bbc2ece92364453416a3dd65d68af0ab
FileHash-MD5,c4642ed114d2ebfe17200d7a89088406
FileHash-MD5,cf926c8e07b8e6fb5ba9fd3c58cc3074
FileHash-MD5,e15edf4545ade41efad7e9d38f676d6e
FileHash-MD5,eb32395fc83f12f8c9ef1c75f6116e7b
FileHash-MD5,fcd56aece370c67c0d52339d5e749eda
FileHash-MD5,d7fb74d7f0c28e9190c31f6a705bb82c
FileHash-MD5,bbe9c4f1bad3f8f280e600e10f8f7ed1
FileHash-MD5,9356ed638e84ebe2d7fc068a7d4dd214
FileHash-MD5,58520acffa64744d63bf1dd5e1899f42
FileHash-MD5,41a7f2dac26fb4c4e682b3f0d9cc1675
FileHash-MD5,b4f6401640d6d9756c7c9a37a0e15a59
FileHash-MD5,1a00533e490a490938c37ebe3a0fc706
FileHash-MD5,d1935217fd8be6f12712f3de657cd907
FileHash-MD5,457504f1c2e41f28ac0edc851d2e3918
FileHash-MD5,4d7662c0ec63b03a8990c57b7d18d7fb
FileHash-MD5,9355c2a1e2d6e03327c09b69395a553c
FileHash-MD5,cb0f5b97853a825df1f6155355eb0592
FileHash-MD5,ff5759745d09a474397464185509b24e
FileHash-MD5,9093cf77204bdd7497521d41482e30d9
FileHash-MD5,f1ab4f5cbf5fc72c4033699edadc4622
FileHash-MD5,5f77cb5129da0751684b33dd4348b842
FileHash-MD5,2b46959ebb92a866beda61e08796224e
FileHash-MD5,f1ab4f5cbf5fc72c4033699edadc4622
FileHash-MD5,5f77cb5129da0751684b33dd4348b842
FileHash-MD5,4488c709970833b5043c0b0ea2ec9fa9
FileHash-MD5,7bab405fbc6af65680443ae95c30595d
FileHash-MD5,7f5a72be826ea2fe5f11a16da0178e54
FileHash-MD5,8b666fc04af6de45c804d973583c76e0
FileHash-MD5,9083c1ff01ad8fabbcd8af1b63b77e66
FileHash-MD5,93c66ee424daf4c5590e21182592672e
FileHash-MD5,9880fae6551d1e9ee921f39751a6f3c0
FileHash-MD5,2b46959ebb92a866beda61e08796224e
FileHash-MD5,5ab776bf47748a88fb53b7ad924d6123
FileHash-MD5,acf78a673f342cdf40ade0f101ba8b5f
FileHash-MD5,b220e4325c928ab018fa4208418fe2fe
FileHash-MD5,23524c8a0acd3379cdec2f991134a7b9
FileHash-MD5,32513229e386565fcf611205baf9b4f1
FileHash-MD5,430ee2fcb25deb9362ebe7be96d2d933
FileHash-MD5,bb0568a0bdde3a7d9910689fe95b0d88
FileHash-MD5,c1273aa97107dfdc521b632dc520f62d
FileHash-MD5,c5daa838257d9d1fa3fda751f7ebf080
FileHash-MD5,d440a5ce4c3b909555c9333277365efe
FileHash-MD5,0ee550afc9cf3dfb22194926a66175f2
FileHash-MD5,f5d57b9e3fd125cf7eb642ef89e09d9b
FileHash-MD5,e44143d2af9f4d889076c2862fd2e067
FileHash-MD5,65e17c11acce0df0487431c9f97c685a
FileHash-MD5,f6e4d307bf6f9653e2855a2c6802a1d1
FileHash-MD5,100619177c925e68ef790f23ab3b4191
FileHash-MD5,2a8b4035d632158885c4583c10263aaa
FileHash-MD5,5f833066832f781c0e15cb7ddce14fd1
FileHash-MD5,b3b955f3c42e2a2e923a9f5c35461bbc
FileHash-MD5,0e401a6b4df9362d0770be8b3bc6b689
FileHash-MD5,2839046912578862f016852657da6c90
FileHash-MD5,32edb8d3db604d94aeaa127a2ca8fbe7
FileHash-MD5,51b86fce9ee3e80897a6c7bd130a4e70
FileHash-MD5,6eb8322dae073adb3b8b5b2ff3972108
FileHash-MD5,c90206e7390a23e74eef8d954c6713ab
FileHash-MD5,dce5c5513938307e35319910fec4c2fb
FileHash-MD5,07ba21d5b68d338c1368a989e29c701d
FileHash-MD5,10acded00d3a2d74afb3293b31942fb2
FileHash-MD5,28539e498240f32ab863481309759a1e
FileHash-MD5,2af4db5f04263d150297f11e4315d27e
FileHash-MD5,2bf1f6de744220f336a2d1ddffaeca10
FileHash-MD5,30c216522639372c9909bcc1cb26004e
FileHash-MD5,46227cb5338925082cc54b517182f4e0
FileHash-MD5,5857f5707587c67102a0217b2310d03b
FileHash-MD5,5ae073f9ca6cdff69e5b3cbc3b0a93b3
FileHash-MD5,67141f291af37a77e8daca05333102c4
FileHash-MD5,7223b1da938d860dee6fe848fd2a728c
FileHash-MD5,77005ec7ec57a339ea074d6b9bac3ebd
FileHash-MD5,95df1f0f2bfeb8320721f06429ee29a3
FileHash-MD5,c4fa3ca01c7d2eeb19868f841712334a
FileHash-MD5,ec391dd19ab6a2d7d4b4db5dd91715fd
FileHash-MD5,f01a9a2d1e31332ed36c1a4d2839f412
FileHash-MD5,61a687b0bea0ef97224c7bd2df118b87
FileHash-MD5,6983f7001de10f4d19fc2d794c3eb534
FileHash-MD5,7b40aa57e1c61ecd6db2a1c18e08b0af
FileHash-MD5,29b6b54e10a96e6c40e1f0236b01b2e8
FileHash-MD5,e3af60f483774014c43a7617c44d05e7
FileHash-MD5,25ee4001eb4e91f7ea0bc5d07f2a9744
FileHash-MD5,505262547f8879249794fc31eea41fc6
FileHash-MD5,85995257ac07ae5a6b4a86758a2283d7
FileHash-MD5,80f421c5fd5b28fc05b485de4f7896a1
FileHash-MD5,a03b57cc0103316e974bbb0f159f78f6
FileHash-MD5,bb8bdb3e8c92e97e2f63626bc3b254c4
FileHash-MD5,e0f4afe374d75608d604fbf108eac64f
FileHash-MD5,079b4588eaa99a1e802adf5e0b26d8aa
FileHash-MD5,17c46ed7b80c2e4dbea6d0e88ea0827c
FileHash-MD5,1875f6a68f70bee316c8a6eda9ebf8de
FileHash-MD5,2e18350194e59bc6a2a3f6d59da11bd8
FileHash-MD5,3bd22e0ac965ebb6a18bb71ba39e96dc
FileHash-MD5,47791bf9e017e3001ddc68a7351ca2d6
FileHash-MD5,5130888a0ad3d64ad33c65de696d3fa2
FileHash-MD5,5be1e382cd9730fbe386b69bd8045ee7
FileHash-MD5,5c6f9c83426c6d33ff2d4e72c039b747
FileHash-MD5,85f6e3e3f0bdd0c1b3084fc86ee59d19
FileHash-MD5,bdece9758bf34fcad9cba1394519019b
FileHash-MD5,827103a6b6185191fd5618b7e82da292
FileHash-MD5,87a6bda486554ab16c82bdfb12452e8b
FileHash-MD5,131fc4375971af391b459de33f81c253
FileHash-MD5,830bc975a04ab0f62bfedf27f7aca673
FileHash-MD5,fb6bf74c6c1f2482e914816d6e97ce09
FileHash-MD5,af002abd289296572d8afadfca809294
FileHash-MD5,d6a7b5db62bf7815a10a17cdf7ddbd4b
FileHash-MD5,6b8c777ab88d350de74d4daf5626114c
FileHash-MD5,2d02f5499d35a8dffb4c8bc0b7fec5c2
FileHash-MD5,4118d9adce7350c3eedeb056a3335346
FileHash-MD5,802e7d6e80d7a60e17f9ffbd62fcbbeb
FileHash-MD5,9b0e7c460a80f740d455a7521f0eada1
FileHash-MD5,a452a5f693036320b580d28ee55ae2a3
FileHash-MD5,a6e1efd70a077be032f052bb75544358
FileHash-MD5,c50b839f2fc3ce5a385b9ae1c05def3a
FileHash-MD5,fda3a19afa85912f6dc8452675245d6b
FileHash-MD5,21c7b2e6e0fb603c5fdd33781ac84b8f
FileHash-MD5,8a319fa42e7c7432318f28a990f15696
FileHash-MD5,76c3d2092737d964dfd627f1ced0af80
FileHash-MD5,cf236bf5b41d26967b1ce04ebbdb4041
FileHash-MD5,739812e2ae1327a94e441719b885bd19
FileHash-MD5,ad4eababfe125110299e5a24be84472e
FileHash-MD5,f2f787868a3064407d79173ac5fc0864
FileHash-MD5,4eb5eb52061cc8cf06e28e7eb20cd055
FileHash-MD5,0311ee1452a19b97e626d24751375652
FileHash-MD5,07191f554ed5d9025bc85ee1bf51f975
FileHash-MD5,4bafbdca775375283a90f47952e182d9
FileHash-MD5,612585fa3ada349a02bc97d4c60de784
FileHash-MD5,622f060fce624bdca9a427c3edec1663
FileHash-MD5,6b4c7ea91d5696369dd0a848586f0b28
FileHash-MD5,7d9c233b8c9e3f0ea290d2b84593c842
FileHash-MD5,87e5c9f3127f29465ae04b9160756c62
FileHash-MD5,8de8dfcb99621b21bf66a3ef2fcd8138
FileHash-MD5,937435bbcbc3670430bb762c56c7b329
FileHash-MD5,9fe61c9538f2df492dff1aab0f90579f
FileHash-MD5,ab9091f25a5ad44bef898588764f1990
FileHash-MD5,c802dd3d8732d9834c5a558e9d39ed37
FileHash-MD5,df8f2dc27cbbd10d944210b19f97dafd
FileHash-MD5,e31b7d841b1865e11eab056e70416f1a
FileHash-MD5,fd0f73dd80d15626602c08b90529d9fd
FileHash-MD5,70652edadedbacfd30d33a826853467d
FileHash-MD5,ddb1f970371fa32faae61fc5b8423d4b
FileHash-MD5,3cd6fc1309294e4eb4bfb2e861e2f570
FileHash-MD5,992acca21f1f0d818fb7d599d69d93b7
FileHash-MD5,d5166aa339e25f3f7f9d1d7a186650bc
FileHash-MD5,d4d0fc82312c60b6084ccab7245530a9
FileHash-MD5,1e606b8a3c288f988152456af206ff72
FileHash-MD5,b8cdc170848ed8716de3653a5f1e533f
FileHash-MD5,1fb52729c33875ad0be381e98b143673
FileHash-MD5,5e0845a9f08c1cfc7966824758b6953a
FileHash-MD5,18126be163eb7df2194bb902c359ba8e
FileHash-MD5,e981219f6ba673e977c5c1771f86b189
FileHash-MD5,1a74c8d8b74ca2411c1d3d22373a6769
FileHash-MD5,67f4dad1a94ed8a47283c2c0c05a7594
FileHash-MD5,f5271a6d909091527ed9f30eafa0ded6
FileHash-MD5,1bfe8d93ca1b2711fcf9958aa907abac
FileHash-MD5,306cd4d12bf80fd6f581d438f7e31c3c
FileHash-MD5,5773b236d2263979c4af83efb661ad37
FileHash-MD5,5d479cbb619c98df370a1bb6c4190dff
FileHash-MD5,6ac02caaad3490df88ebc59e5e2ea6fa
FileHash-MD5,743f963dca043db8769cdfb6015af3af
FileHash-MD5,85cc9cfe13f71967aca7b961a3cdf0be
FileHash-MD5,8c0528c92510f100fe81b9e0ed0d3698
FileHash-MD5,9f4993fe2163df12812ec2ad42860334
FileHash-MD5,a05493d7f163c534e2a923789225ab82
FileHash-MD5,c11f2d5d9651f82007b6de56bac05652
FileHash-MD5,c34cf6d8ef370906b12b42a0b83a3869
FileHash-MD5,ceca17155cc484711a7df2d6c85de4ba
FileHash-MD5,d2470fe8a0c3b73acedadc284b380d00
FileHash-MD5,e60022a1e871de0f093edaa81a2ed762
FileHash-MD5,ee8e160336bddbcc5f94f5f93565bfe8
FileHash-MD5,17a84000567055be92bda8659de5184d
FileHash-MD5,1c5e484da6e6e1c2246f6d65f23bb49b
FileHash-MD5,2434d32b1bebf22ac7ab461a44cf1624
FileHash-MD5,29d04d986a31fbeab39c6b7eab5f5550
FileHash-MD5,57b21f6b5d50e4ec525bee77bc724a4d
FileHash-MD5,6f0c0faada107310bddc59f113ae9013
FileHash-MD5,7eaa2e3d9c8b7aa6ecdd8dad0d1ba673
FileHash-MD5,836810671d8e1645b7dd35b567d75f27
FileHash-MD5,8c10401a59029599bed435575914b30d
FileHash-MD5,f71b0c2f7cd766d9bdc1ef35c5ec1743
FileHash-MD5,011cedd9932207ee5539895e2a1ed60a
FileHash-MD5,0359a857a22c8e93bc43caea07d07e23
FileHash-MD5,059d98dcb83be037cd9829d31c096dab
FileHash-MD5,0bbfaea19c8d1444ae282ff5911a527b
FileHash-MD5,0ca345bc074fa2ef7a2797b875b6cd4d
FileHash-MD5,0cc22fd05a3e771b09b584db0a161363
FileHash-MD5,10f4a1df9c3f1388f9c74eb4cdf24e7c
FileHash-MD5,1aca4310315d79e70168f15930cc3308
FileHash-MD5,1f2432ec77b750aa3e3f72c866584dc3
FileHash-MD5,21d268341884c4fc62b5af7a3b433d90
FileHash-MD5,22381941763862631070e043d4dd0dc2
FileHash-MD5,23c0500a69b71d5942585bb87559fe83
FileHash-MD5,27ec6fb6739c4886b3c9e21b6b9041b6
FileHash-MD5,2866f3c8dfd5698e7c58d166a5857e1e
FileHash-MD5,28e026b9550e4eb37435013425abfa38
FileHash-MD5,29274ca90e6dcf5ae4762739fcbadf01
FileHash-MD5,2c3de1cefe5cd2a5315a9c9970277bd7
FileHash-MD5,2ceabffe2d40714e5535212d46d78119
FileHash-MD5,31c4a3f16baa5e0437fdd4603987b812
FileHash-MD5,323a36c23e61c6b37f28abfd5b7e5dfe
FileHash-MD5,33129e959221bf9d5211710747fddabe
FileHash-MD5,3665d512be2e9d31fc931912d5c6900e
FileHash-MD5,3cbea05bf7a1affb821e379b1966d89c
FileHash-MD5,3dc8b64b498220612a43d36049f055ab
FileHash-MD5,46f366e3ee36c05ab5a7a319319f7c72
FileHash-MD5,48b99c2f0441f5a4794afb4f89610e48
FileHash-MD5,4fc81fd5ac488b677a4c0ce5c272ffe3
FileHash-MD5,52ff6e3e942ac8ee012dcde89e7a1116
FileHash-MD5,53271b2ab6c327a68e78a7c0bf9f4044
FileHash-MD5,5d33609af27ea092f80aff1af6ddf98d
FileHash-MD5,678dbe60e15d913fb363c8722bde313d
FileHash-MD5,68403cc3a6fcbeb9e5e9f7263d04c02f
FileHash-MD5,69c7d9025fa3841c4cd69db1353179cf
FileHash-MD5,6a20945ae9f7c9e1a28015e40758bb4f
FileHash-MD5,6b5bccf615bf634b0e55a86a9c24c902
FileHash-MD5,7307c6900952d4ef385231179c0a05e4
FileHash-MD5,75fe1b6536e94aaee132c8d022e14f85
FileHash-MD5,784becfb944dec42cccf75c8cf2b97e3
FileHash-MD5,7bd775395b821e158a6961c573e6fd43
FileHash-MD5,7ce988f1b593e96206a1ef57eb1bec8a
FileHash-MD5,85a6e4448f4e5be1aa135861a2c35d35
FileHash-MD5,88bef25e4958d0a198a2cc0d921e4384
FileHash-MD5,942d949a28b2921fb980e2d659e6ef75
FileHash-MD5,96b23ff19a945fad77dd4dd6d166faaa
FileHash-MD5,9b0e4652a0317e6e4da66f29a74b5ad7
FileHash-MD5,9f55b31c66a01953c17eea6ace66f636
FileHash-MD5,a29f39713ce6a92e642d14374e7203f0
FileHash-MD5,a69d3580921ec8adce64c9b38ac3653a
FileHash-MD5,acacf51ceef8943f0ee40fc181b6f1fa
FileHash-MD5,ae8acf66bfe3a44148964048b826d005
FileHash-MD5,b33a27bfbe7677df4a465dfa9795ff4a
FileHash-MD5,b434df66d0dd15c2f5e5b2975f2cfbe2
FileHash-MD5,b5bdf2de230722e1fe63d88d8f628ebc
FileHash-MD5,b998a39b31ad9b409d68dcb74ac6d97d
FileHash-MD5,bc744a4bf1c158dba37276bf7db50d85
FileHash-MD5,bcfca13c801608a82a0924f787a19e1d
FileHash-MD5,c0452b18695644134a1e38af0e974172
FileHash-MD5,c17cfe533f8ce24f0e41bd7e14a35e5e
FileHash-MD5,c44457653b2c69933e04734fe31ff699
FileHash-MD5,c4e39c1fc0e1b165319fa533a9795c44
FileHash-MD5,c4f18576fd1177ba1ef54e884cb7a79d
FileHash-MD5,c72750485db39d0c04469cd6b100a595
FileHash-MD5,c87ac56d434195c527d3358e12e2b2e0
FileHash-MD5,c908340bf152b96dc0f270eb6d39437f
FileHash-MD5,cbee2fd458ff686a4cd2dde42306bba1
FileHash-MD5,cca50cdd843aa824e5eef5f05e74f4a5
FileHash-MD5,d331602d190c0963ec83e46f5a5cd54a
FileHash-MD5,d4d8c9be9a4a6499d254e845c6835f5f
FileHash-MD5,d5054ed83e63f911be46b3ff8af82267
FileHash-MD5,d6cb8b66f7a9f3b26b4a98acb2f9d0c5
FileHash-MD5,d82481e9bc50d9d9aeb9d56072bf3cfe
FileHash-MD5,d8d36f17b50c8a37c2201fbb0672200a
FileHash-MD5,e5b626c4b172065005d04205b026e446
FileHash-MD5,e7b7bf4c2ed49575bedabdce2385c8d5
FileHash-MD5,e9bd5ed33a573bd5d9c4e071567808e5
FileHash-MD5,edb685194f2fcd6a92f6e909dee7a237
FileHash-MD5,f6da8dc4e1226aa2d0dabc32acd06915
FileHash-MD5,f6f0d44aa5e3d83bb1ac777c9cea7060
FileHash-MD5,f978d05f1ebeb5df334f395d58a7e108
FileHash-MD5,fbae6c3769ed4ae4eccaff76af7e7dfe
FileHash-MD5,fc9abba1f212db8eeac7734056b81a6e
FileHash-MD5,fca13226da57b33f95bf3faad1004ee0
FileHash-MD5,fcb7f7dab6d401a17bd436fc12a84623
FileHash-MD5,69d12572520122cb9bddc2d6793d97ab
FileHash-MD5,87b010bc90cd7dd776fb42ea5b3f85d3
FileHash-MD5,d0d36f169f1458806053aae482af5010
FileHash-MD5,06e0d216969caa0dfd98269a860b153b
FileHash-MD5,105fa5bc6ce7afb40b02054d669e9204
FileHash-MD5,10de5e96ca4ba920f4b7b67258033fdb
FileHash-MD5,309c1cd225571b18c82a1a25aff6ad02
FileHash-MD5,3e6ba2c0128030844d4a02088774802b
FileHash-MD5,43298c256c4dc626a5788caa3e309d56
FileHash-MD5,676a10be289cf8978af6cdbdba536678
FileHash-MD5,68c6c735918e55954b3d22ce72c769a6
FileHash-MD5,828174ee0a9f25eaad48957ced66b81d
FileHash-MD5,8bee6f27245daf1c860713affb575731
FileHash-MD5,9060531460f7152ca156aeeca090a13c
FileHash-MD5,993befa3da4e0d10ee61f0b78c18d4cd
FileHash-MD5,c9c77a74e732d8d4b37aab1037e6569a
FileHash-MD5,d947bf46867d66e645071d53d6b106bb
FileHash-MD5,dbd11c7f0074580015daa16b5900ac7b
FileHash-MD5,e55d17ba37bfba78dc4cdbd8cca9f36b
FileHash-MD5,fac06f63a30fcef45c3e7763442ed2ac
FileHash-MD5,0e9e256d8173854a7bc26982b1dde783
FileHash-MD5,12c15a477e1a96120c09a860c9d479b3
FileHash-MD5,1f239db751ce9a374eb9f908c74a31c9
FileHash-MD5,1f6d9f8fbdbbd4e6ed8cd73b9e95a928
FileHash-MD5,40f21743f9cb927b2c84ecdb7dfb14a6
FileHash-MD5,43d4994635f72852f719abb604c4a8a1
FileHash-MD5,43e756d80225bdf1200bc34eef5adca8
FileHash-MD5,4b20641c759ed563757cdd95c651ee53
FileHash-MD5,4e71d52fc39f89204a734b19db1330d3
FileHash-MD5,50d3623d67c9284e3b2a10a7e10c9c45
FileHash-MD5,58ad3103295afcc22bde8d81e77c282f
FileHash-MD5,5ae71e8440bf33b46554ce7a7f3de666
FileHash-MD5,640e70b0230dc026eff922fb1e44c2ea
FileHash-MD5,6fb13b1b4b42bac05a2ba629f04e3d03
FileHash-MD5,891db50188a90ddacfaf7567d2d0355d
FileHash-MD5,894de380a249e677be2acb8fbdfba2ef
FileHash-MD5,8b395cc6ecdec0900facf6e93ec48fbb
FileHash-MD5,92a6c017830cda80133bf97eb77d3292
FileHash-MD5,9b9d4cb1f681f19417e541178d8c75d7
FileHash-MD5,9c516e5b95a7e4169ecbd133ed4d205f
FileHash-MD5,a1f9e9f5061313325a275d448d4ddd59
FileHash-MD5,a2c2099d503fcc29478205f5aef0283b
FileHash-MD5,b1c1d28dc7da1d58abab73fa98f60a83
FileHash-MD5,b6f91a965b8404d1a276e43e61319931
FileHash-MD5,c3850f4cc12717c2b54753f8ca5d5e0e
FileHash-MD5,c6949a99c60ef29d20ac8a9a3fb58ce5
FileHash-MD5,cf8ba073db7f4023af2b13dd75565f3d
FileHash-MD5,d0e203e8845bf282475a8f816340f2e8
FileHash-MD5,e268cb7ab778564e88d757db4152b9fa
FileHash-MD5,e4ee611533a28648a350f2dab85bb72a
FileHash-MD5,eaf6896b361121b2c315a35be837576d
FileHash-MD5,ab25014c3d6f77ec5880c8f9728be968
FileHash-MD5,66c46b76bb1a1e7ecdb091619a8f5089
FileHash-MD5,e40c514739768ba04ab17ff0126c1533
FileHash-MD5,3bc9680077b50ad074e607b3ba700edc
FileHash-MD5,c2f8bd0d0b06f7e2a7de6807e21e7201
FileHash-MD5,2f264464da58b60a91af5bce586b6407
FileHash-MD5,2cee905780250147d511d517207ab859
FileHash-MD5,44146555cf092feeb28dc749aa351396
FileHash-MD5,ccf13de15cfedf95afc81369f5dd1c80
FileHash-MD5,2dae2b3e7148fe5040a730899a400cc5
FileHash-MD5,c9dbd70385c2c1150277f826b7c31af7
FileHash-MD5,09615ab1e7d3da53aba689272afb1f4d
FileHash-MD5,ef8b4d10a6afc84031cc25e3eb045ae3
FileHash-MD5,69d86282fe302bc53974c260a33db01d
FileHash-MD5,7b8d77d8d5913fe4f84e4f5f3b4083eb
FileHash-MD5,f769f67681707e8f69ecdf9e62fb944c
FileHash-MD5,fdb9fe902ef9e9cb893c688c737e4cc7
FileHash-MD5,33ea133da15dc060b7709558c97209d2
FileHash-MD5,c3aedb781a5b96674764cd43ef076d10
FileHash-MD5,a3c14604fb4454ba5722f07f89780e73
FileHash-MD5,2300a4eb4bf1216506900e6040820843
FileHash-MD5,56d1e9d11a8752e1c06e542e78e9c3e4
FileHash-MD5,ea4dd9dd50f47ea1e0aa1a2165f75227
FileHash-MD5,cefa6e8e59f1a043915eff5c82ae04a3
FileHash-MD5,3a10ce07996b0704e3b35904bf60befc
FileHash-MD5,c97e0614fcb0a15ac753ac6761278174
FileHash-MD5,4e1f6572982c7b84d7c07742b950b7ca
FileHash-MD5,8b42ebfba0cb67a1164a15c6dae6fbef
FileHash-MD5,b3c90a0a04b89fafbe195839a5eb51dc
FileHash-MD5,8af6f5e22806766c530dcc8420e60f29
FileHash-MD5,fc54858ae2e48c9dbe562f68107d1928
FileHash-MD5,fcae6b88640b58d289df42ae2d15e3ca
FileHash-MD5,dbfe0af32013fa97e9da1809c75d590a
FileHash-MD5,14c2464e07d19666a6bbb46e1fad6a23
FileHash-MD5,7367c9524d36f31d0ff347d3433032f8
FileHash-MD5,505e7b77cba9c4a64ac2827d86c68427
FileHash-MD5,37355f4fd63e7abd89bdc841ed98229f
FileHash-MD5,730f72a73ff216d15473d2789818f00c
FileHash-MD5,aacef4e2151c264dc30963823bd3bb17
FileHash-MD5,ea34ac6bf9e8a70bec84e37afeea458a
FileHash-MD5,233acdea31fa3ef01e05bf4e3dc5bdd8
FileHash-MD5,0bf02d9be8c6fb7cd541e76ee2642936
FileHash-MD5,405ce3c84ebe44697c97e17cbc6441d8
FileHash-MD5,5ecdc9b194acd955e1635515ea426049
FileHash-MD5,b8b8a4df0f3efef626e9269a0ff9c601
FileHash-MD5,c97293c4d10331f9bc47b041c8ce4e0e
FileHash-MD5,0f50af41edb7e3456cba4dd05b805da1
FileHash-MD5,836184b7387b212f8b7f064d5e60f587
FileHash-MD5,c431ddc7ed614effd8e2ae816107de3f
FileHash-MD5,879fa942f9f097b74fd6f7dabcf1745a
FileHash-MD5,9784a36611c68337698d3be972bd5dca
FileHash-MD5,b3b9d4a2cac8ea76f570bbde5249f076
FileHash-MD5,09afb958e39ffc05b5abd42b335a00db
FileHash-MD5,27ce3722396a2516008c927f01973e82
FileHash-MD5,30da6c683deabf32eb9d4877bdad2f06
FileHash-MD5,338b3177e56cabdf43a6019dd04d2725
FileHash-MD5,3b716d9f3e2e772907aae066d4d0f1a8
FileHash-MD5,8e8b10174ce4515892b05ac61709bff4
FileHash-MD5,67dd0708a2dcbe6b7661fd5eb4593ea7
FileHash-MD5,c6e39cc73ac4aaa99253c950786cd4d9
FileHash-MD5,fcfc94b1d9b3c02c3e178e25803f5e7b
FileHash-MD5,1ee99e4eb1a855186812204a1e3b72de
FileHash-MD5,0b7a66004793b4b976be4e5e21ceeb03
FileHash-MD5,ccc18f54f77f5b1295f3b4cc3509cb3b
FileHash-MD5,14655930fab2319ff9cd5187a0caa242
FileHash-MD5,1eee2293e51b01300c75b649715e472d
FileHash-MD5,336674857b5ede1e09daeff1a14adedc
FileHash-MD5,e3a08ffb7106ece9612d3aa8078a8287
FileHash-MD5,ed24c7c0b73887e35f1c12ab0dda98fe
FileHash-MD5,ed64d941fd8603196c0e31ae58c1992d
FileHash-MD5,34a2677a7776f87e810814c2d3845f47
FileHash-MD5,691332c86dd568f87b7fff4601c37895
FileHash-MD5,850b8d07180601417193a6f88227130a
FileHash-MD5,9a7d5f126904adc194df4dcbc2c5715c
FileHash-MD5,c65b10c1113c0f0d4e06609fa60d9aad
FileHash-MD5,f7611e77c5f99b81085e61b17b969afe
FileHash-MD5,fc5f490dbe375779b2c6bbccdd869ca6
FileHash-MD5,158855fa22529808ac412225c36ce5e9
FileHash-MD5,18e7c1ff7bbb4816e53315546397543b
FileHash-MD5,1afc02e79c53a3b7d27ee65316f519a9
FileHash-MD5,2828f49cde16e65a1bee0c5c44aed8cc
FileHash-MD5,3a7ba1f6f92af9ed43cbd590eb404496
FileHash-MD5,421e24c8caf1bf35c0ff996b0e6f5e45
FileHash-MD5,45e081d7c43d748e7ffc63986d30244d
FileHash-MD5,6114a230ccdb77219c67c47e054f881a
FileHash-MD5,62655c77982dbea9bfd30d0004862228
FileHash-MD5,7991987b2a79059558cdc31e89d03874
FileHash-MD5,86c697f7284ecb5c68cd35d26aaf634a
FileHash-MD5,9cbdf2af5fa3190d4fdc738c609c0ac2
FileHash-MD5,a8097627f02f3421fc013e91150052c5
FileHash-MD5,ac8a30747ad3ea3cd4bc9997daeeb2a5
FileHash-MD5,af1dd5b0cd80d2456fed9576fa9cbd58
FileHash-MD5,b392dc121a8bf6f50ddba123f39c661a
FileHash-MD5,ba27a4e171e2af34388c342ef45069cc
FileHash-MD5,bfb7243c9fb7a8dccc6f3424c7b32735
FileHash-MD5,d39b8088f01baa5c3477a0ec823dfe1d
FileHash-MD5,e85c51ea9fa1a32da2de02c11dba3f73
FileHash-MD5,f50f9458e7ee7bbcc6d0b684cddcd81a
FileHash-MD5,89eb4a35ea3122f01f47abe5e8b4982a
FileHash-MD5,ec18353f05c0ec9c014d4eb57f35dd40
FileHash-MD5,ef81f74875718d370876289088c93150
FileHash-MD5,aa6f5570b814e336cc91e57f1dbbf22c
FileHash-MD5,beaed555048e1074fc13cdf8431abd49
FileHash-MD5,a24342d42a6c61391b6670584627b59c
FileHash-MD5,1cb100825912dd70c3a8f8e11fadc97f
FileHash-MD5,28e5fceaa9878bfbe967639cf2a2fb9b
FileHash-MD5,314328e63b2e55a9c20bbda313ab4d04
FileHash-MD5,5abd9f1828e3c6d899b9c8ba79c16473
FileHash-MD5,6dfa9980dfab53220b893d360e36e09b
FileHash-MD5,861b80a75ecfb083c46f6e52277b69a9
FileHash-MD5,8b0bf3f5f0ac4605c8c5ef73eb121757
FileHash-MD5,96822aa790b03f53123fe3c79d15e6a1
FileHash-MD5,c219a8c50624f9dd9fc0f3c32510ea77
FileHash-MD5,ef53ab1014c8d8f73c94db8bbb362df8
FileHash-MD5,955415fe5d42f148e7dce6c84d2d4e2a
FileHash-MD5,0ba388cc32c435673651baa284b529e8
FileHash-MD5,377f617ccd4aa09287d5221d5d8e1228
FileHash-MD5,50949ad2b39796411a4c7a88df0696c8
FileHash-MD5,78d200f3d2bfc9e73725c78a41eb64b5
FileHash-MD5,1693d0a858b8ff3b83852c185880e459
FileHash-MD5,11510279023a5399f5af0495d55eba28
FileHash-MD5,82d4025b84cf569ec82d21918d641540
FileHash-MD5,dbecfe9d5421d319534e0bfa5a6ac162
FileHash-MD5,ee1ccb6a0e38bf95e44b73c3c46268c5
FileHash-MD5,d4205e5a31d4b8a6463a8c1913f9ee3a
FileHash-MD5,bb63ec5a33b0c1f2df171b48b37d4743
FileHash-MD5,9d98e4f469d52272dfc10c3437ed587e
FileHash-MD5,40caac250ef2f2937521e4d8374477e7
FileHash-MD5,7c138c6b6f88643d7c16e741f98e0503
FileHash-MD5,d598baa47b9bcb4f5059a81515f9480b
FileHash-MD5,d5d0a1a034dcefdb08d9ca51c7694a22
FileHash-MD5,d748141a5878b7ef21c2663e9a1cdd2d
FileHash-MD5,f53965ab81f746f5a2bf183d2a704c72
FileHash-MD5,f4650cb9239b0af63292db2cc3646c5b
FileHash-MD5,4488c709970833b5043c0b0ea2ec9fa9
FileHash-MD5,7bab405fbc6af65680443ae95c30595d
FileHash-MD5,7f5a72be826ea2fe5f11a16da0178e54
FileHash-MD5,8b666fc04af6de45c804d973583c76e0
FileHash-MD5,9083c1ff01ad8fabbcd8af1b63b77e66
FileHash-MD5,93c66ee424daf4c5590e21182592672e
FileHash-MD5,5be4e5115cdf225871a66899b7bc5861
FileHash-MD5,bfa5f1d8df27248d840d1d86121f2169
FileHash-MD5,d42066e9f8c4b75a0723b8778c370f1d
FileHash-MD5,0f9f34e3e872e57446ffdcfa90a7b954
FileHash-MD5,35e481dec398f206d0be12bc98ccc17a
FileHash-MD5,860da5abde63a42b3fbd8202d0cff6d2
FileHash-MD5,8e642dd589e53347555a7b2596512ed7
FileHash-MD5,ccc33eff063e44fad0fc3e6057b1bcd9
FileHash-MD5,3388dde5bfe7284ec9a7a01a3bd84a8a
FileHash-MD5,34416669f547b13c4d74dfd8261b177a
FileHash-MD5,49186f8de7fd462a7f6703c9b8e6df04
FileHash-MD5,5a324753451c49654814ff2374b7bac8
FileHash-MD5,991be8abdc60d99c1a3e986084d29b92
FileHash-MD5,cbc2d3414e58e9b5a5b72c645aca74f3
FileHash-MD5,e01931b3aba4437a92578dc802e5c41d
FileHash-MD5,f5f310ad8526c6b01b8a0d1d19184e9a
FileHash-MD5,cc4b5b435af4b39e9233f9514b5825aa
FileHash-MD5,7f57f5ff2e066eac7262e6100030ad96
FileHash-MD5,dd16178714b2e56cfd858f7e8a62f3f1
FileHash-MD5,6abbbfd86930482ea56dff3518101d73
FileHash-MD5,328e53ef2c3c7d263f0254bae215a167
FileHash-MD5,6b5e190930da35969cb45a16a119ca52
FileHash-MD5,507c53ae37eb650421ec8906e7ce55ea
FileHash-MD5,3155c986fe6d40e08e0346d365103d16
FileHash-MD5,d3a36f50ad96e8b796815c43fbd4315c
FileHash-MD5,06499640306a9ed055f9a4c6c14eefc4
FileHash-MD5,f6802a45a09c3b62b2d59bc30f4c0eb1
FileHash-MD5,1531ff9a4911ca0e8c72f191de2a26a1
FileHash-MD5,818b1fe0efc0f0365fd70bfe92663206
FileHash-MD5,4453b84610b1acd1acfa681cb77b744e
FileHash-MD5,502682c47631413b0c02e8f71dcd4f54
FileHash-MD5,a59accf2adfd39ce3b94916008ffc62b
FileHash-MD5,71411be0504f3101dc85bfc25bdb8210
FileHash-MD5,48ee4c9fac8d1206bb74064becdbc1dc
FileHash-MD5,ba10210792cf2849761b9bb94eae1772
FileHash-MD5,bd00562f54da988c5e30d91b85fe5d10
FileHash-MD5,26483c52a9b6a99a4fb18f69f8e575ce
FileHash-MD5,317984d3f2acdab84095c93874bd10a9
FileHash-MD5,619bc699aaea9129005e55bfb249ed62
FileHash-MD5,063ae96f1551f59bba014e68fa5b7ece
FileHash-MD5,a210b4034786023b5bc6e85ed58ed561
FileHash-MD5,6d5c55d79f56dc3e6df2f14d27171f40
FileHash-MD5,5be4e5115cdf225871a66899b7bc5861
FileHash-MD5,bfa5f1d8df27248d840d1d86121f2169
FileHash-MD5,cefa6e8e59f1a043915eff5c82ae04a3
FileHash-MD5,3a10ce07996b0704e3b35904bf60befc
FileHash-MD5,12a25c3975a286abbaeb1318fe750b4e
FileHash-MD5,4e1f6572982c7b84d7c07742b950b7ca
FileHash-MD5,8b42ebfba0cb67a1164a15c6dae6fbef
FileHash-MD5,f4650cb9239b0af63292db2cc3646c5b
